{"total_revenue": 1028761251.8899995, "total_profit": 319242291.1499999, "total_quantity": 22860132, "avg_revenue_per_order": 89.99606793786813, "avg_profit_per_order": 27.92732606345101}